<?xml version="1.0" encoding="UTF-8"?>
<beans xmlns="http://www.springframework.org/schema/beans"
       xmlns:xsi="http://www.w3.org/2001/XMLSchema-instance"
       xsi:schemaLocation="http://www.springframework.org/schema/beans
           https://www.springframework.org/schema/beans/spring-beans.xsd">

    <bean id="emp1" class="com.cognizant.spring_learn.model.Employee">
        <property name="id" value="1"/>
        <property name="name" value="John"/>
        <property name="salary" value="50000"/>
        <property name="permanent" value="true"/>
        <property name="department" value="HR"/>
    </bean>

    <bean id="emp2" class="com.cognizant.spring_learn.model.Employee">
        <property name="id" value="2"/>
        <property name="name" value="Jane"/>
        <property name="salary" value="60000"/>
        <property name="permanent" value="false"/>
        <property name="department" value="Finance"/>
    </bean>

    <bean id="emp3" class="com.cognizant.spring_learn.model.Employee">
        <property name="id" value="3"/>
        <property name="name" value="Sam"/>
        <property name="salary" value="55000"/>
        <property name="permanent" value="true"/>
        <property name="department" value="IT"/>
    </bean>

    <bean id="employeeList" class="java.util.ArrayList">
        <constructor-arg>
            <list>
                <ref bean="emp1"/>
                <ref bean="emp2"/>
                <ref bean="emp3"/>
            </list>
        </constructor-arg>
    </bean>
</beans>
